Workbook

Sheet Summary
A1: EOW State Pages: Work Report
A2: expertophthalmologywitness.com | Content and on-page SEO update of the state and location pages (no redesign)
A4: Website | B4: https://www.expertophthalmologywitness.com/
A5: Scope | B5: Content-only update of the state and location pages. Design, header, footer and page URLs stay the same.
A6: Target keywords | B6: expert ophthalmology witness {state} | expert ophthalmologist witness {state}
A7: Sample page | B7: Kentucky
A8: Kentucky review page (Before / After / What changed) | B8: https://kunaldabiseo.github.io/eow-website/kentucky/
A9: Kentucky updated page (draft) | B9: https://kunaldabiseo.github.io/eow-website/kentucky/updated-page.html
A10: Kentucky live page (not yet updated) | B10: https://www.expertophthalmologywitness.com/kentucky-expert-ophthalmology-witness/
A11: Full report (README) | B11: https://github.com/kunaldabiseo/eow-website/tree/main/kentucky
A13: Status at a glance
A14: Location pages on the site | B14: =COUNTA('State Pages'!B5:B49) -> 45
A15: US states + DC with a page | B15: =COUNTIF('State Pages'!C5:C49,"US state / DC") -> 40
A16: International / territory pages | B16: =COUNTIF('State Pages'!C5:C49,"International / territory") -> 5
A17: Pages with the same body text (only state name changes) | B17: =COUNTIF('State Pages'!J5:J49,"Yes") -> 45
A18: Pages using "ophthalmologist" in the body text | B18: =COUNTIF('State Pages'!I5:I49,">0") -> 0
A19: Pages updated (draft ready) | B19: =COUNTIF('State Pages'!L5:L49,"Draft ready*") -> 1
A20: Pages live with the update | B20: =COUNTIF('State Pages'!L5:L49,"Live") -> 0
A21: Pages not started | B21: =COUNTIF('State Pages'!L5:L49,"Not started") -> 44
A22: US states with no page yet | B22: =COUNTA('Missing States'!A5:A15) -> 11
A23: Client feedback items done | B23: =COUNTIF('Feedback Tracker'!E5:E20,"Done") -> 7
A24: Client feedback items open | B24: =COUNTIF('Feedback Tracker'!E5:E20,"Open") -> 2
A25: Questions waiting for a client answer | B25: =COUNTA('Open Questions'!B5:B10) -> 5
A27: Sheets in this workbook
A28: State Pages | B28: Every location page with its current title, meta description, word count and the issues found.
A29: Kentucky Changes | B29: Every change on the Kentucky sample page: before, after and the reason.
A30: Feedback Tracker | B30: Each feedback item from the review and where it stands.
A31: Fact Check | B31: Every fact and figure on the Kentucky page and the source it was checked against.
A32: Open Questions | B32: Points that need a decision from you.
A33: Missing States | B33: US states with no page on the site yet.
A35: Counts in "Status at a glance" are formulas and update when the Status column on the State Pages sheet changes.

Sheet State Pages
A1: State and Location Pages
A2: Audit of every location page in the sitemap (page-sitemap.xml). Status values: Not started / Draft ready, awaiting go-live / Live
A4: # | B4: Location | C4: Type | D4: Live URL | E4: Current title | F4: Title length | G4: Current meta description | H4: Meta length | I4: "ophthalmologist" in body | J4: Same body text as other pages | K4: Issues found | L4: Status | M4: Review / demo URL
A5: 1 | B5: Alabama | C5: US state / DC | D5: https://www.expertophthalmologywitness.com/alabama-expert-ophthalmology-witness/ | E5: Alabama Expert Ophthalmology Witness | F5: =LEN(E5) -> 36 | G5: Alabama Expert Ophthalmology Witness Testimony, Alabama Expert Ophthalmologist Witness Testimony | H5: =LEN(G5) -> 96 | I5: 0 | J5: Yes | K5: • Same body text as every other location page (only the location name changes) • "ophthalmologist" keyword not used in the body text • Only template H2 headings, nothing about the location • No location-specific facts (rules, courts, cases) • Images have no alt text • Share image (og:image) is the email icon • Meta description is a keyword list, not a sentence • In-text "Refractive surgery" link goes through a redirect | L5: Not started
A6: 2 | B6: Alaska | C6: US state / DC | D6: https://www.expertophthalmologywitness.com/alaska-expert-ophthalmology-witness/ | E6: Alaska Expert Ophthalmology Witness | F6: =LEN(E6) -> 35 | G6: Alaska Expert Ophthalmology Witness Testimony, Alaska Expert Ophthalmologist Witness Testimony | H6: =LEN(G6) -> 94 | I6: 0 | J6: Yes | K6: • Same body text as every other location page (only the location name changes) • "ophthalmologist" keyword not used in the body text • Only template H2 headings, nothing about the location • No location-specific facts (rules, courts, cases) • Images have no alt text • Share image (og:image) is the email icon • Meta description is a keyword list, not a sentence • In-text "Refractive surgery" link goes through a redirect | L6: Not started
A7: 3 | B7: Arizona | C7: US state / DC | D7: https://www.expertophthalmologywitness.com/arizona-expert-ophthalmology-witness/ | E7: Arizona Expert Ophthalmology Witness | F7: =LEN(E7) -> 36 | G7: Arizona Expert Ophthalmology Witness Testimony, Arizona Expert Ophthalmologist Witness Testimony | H7: =LEN(G7) -> 96 | I7: 0 | J7: Yes | K7: • Same body text as every other location page (only the location name changes) • "ophthalmologist" keyword not used in the body text • Only template H2 headings, nothing about the location • No location-specific facts (rules, courts, cases) • Images have no alt text • Share image (og:image) is the email icon • Meta description is a keyword list, not a sentence • In-text "Refractive surgery" link goes through a redirect | L7: Not started
A8: 4 | B8: California | C8: US state / DC | D8: https://www.expertophthalmologywitness.com/california-expert-ophthalmology-witness/ | E8: California Expert Ophthalmology Witness | F8: =LEN(E8) -> 39 | G8: California Expert Ophthalmology Witness Testimony, California Expert Ophthalmologist Witness Testimony | H8: =LEN(G8) -> 102 | I8: 0 | J8: Yes | K8: • Same body text as every other location page (only the location name changes) • "ophthalmologist" keyword not used in the body text • Only template H2 headings, nothing about the location • No location-specific facts (rules, courts, cases) • Images have no alt text • Share image (og:image) is the email icon • Meta description is a keyword list, not a sentence • In-text "Refractive surgery" link goes through a redirect | L8: Not started
A9: 5 | B9: Canada | C9: International / territory | D9: https://www.expertophthalmologywitness.com/canada-expert-ophthalmology-witness/ | E9: Canada Expert Ophthalmology Witness | F9: =LEN(E9) -> 35 | G9: Canada Expert Ophthalmology Witness Testimony, case review, deposition, litigation support for plaintiff & defense. Canada Expert Ophthalmologist Witness Testimony | H9: =LEN(G9) -> 163 | I9: 0 | J9: Yes | K9: • Same body text as every other location page (only the location name changes) • "ophthalmologist" keyword not used in the body text • Only template H2 headings, nothing about the location • No location-specific facts (rules, courts, cases) • Images have no alt text • Share image (og:image) is the email icon • Meta description too long (163 characters, cut off in Google) • In-text "Refractive surgery" link goes through a redirect | L9: Not started
A10: 6 | B10: Colorado | C10: US state / DC | D10: https://www.expertophthalmologywitness.com/colorado-expert-ophthalmology-witness/ | E10: Colorado Expert Ophthalmology Witness | F10: =LEN(E10) -> 37 | G10: Colorado Expert Ophthalmology Witness Testimony, Colorado Expert Ophthalmologist Witness Testimony | H10: =LEN(G10) -> 98 | I10: 0 | J10: Yes | K10: • Same body text as every other location page (only the location name changes) • "ophthalmologist" keyword not used in the body text • Only template H2 headings, nothing about the location • No location-specific facts (rules, courts, cases) • Images have no alt text • Share image (og:image) is the email icon • Meta description is a keyword list, not a sentence • In-text "Refractive surgery" link goes through a redirect | L10: Not started
A11: 7 | B11: Connecticut | C11: US state / DC | D11: https://www.expertophthalmologywitness.com/connecticut-expert-ophthalmology-witness/ | E11: Connecticut Expert Ophthalmology Witness | F11: =LEN(E11) -> 40 | G11: Connecticut Expert Ophthalmology Witness Testimony, Connecticut Expert Ophthalmologist Witness Testimony | H11: =LEN(G11) -> 104 | I11: 0 | J11: Yes | K11: • Same body text as every other location page (only the location name changes) • "ophthalmologist" keyword not used in the body text • Only template H2 headings, nothing about the location • No location-specific facts (rules, courts, cases) • Images have no alt text • Share image (og:image) is the email icon • Meta description is a keyword list, not a sentence • In-text "Refractive surgery" link goes through a redirect | L11: Not started
A12: 8 | B12: District of Columbia | C12: US state / DC | D12: https://www.expertophthalmologywitness.com/district-of-columbia-expert-ophthalmology-witness/ | E12: District of Columbia Expert Ophthalmology Witness | F12: =LEN(E12) -> 49 | G12: District of Columbia Expert Ophthalmology Witness Testimony, District of Columbia Expert Ophthalmologist Witness Testimony | H12: =LEN(G12) -> 122 | I12: 0 | J12: Yes | K12: • Same body text as every other location page (only the location name changes) • "ophthalmologist" keyword not used in the body text • Only template H2 headings, nothing about the location • No location-specific facts (rules, courts, cases) • Images have no alt text • Share image (og:image) is the email icon • Meta description is a keyword list, not a sentence • In-text "Refractive surgery" link goes through a redirect | L12: Not started
A13: 9 | B13: Florida | C13: US state / DC | D13: https://www.expertophthalmologywitness.com/florida-expert-ophthalmology-witness/ | E13: Florida Expert Ophthalmology Witness | Dr. Todd Lefkowitz | F13: =LEN(E13) -> 57 | G13: Florida Expert Ophthalmology Witness Testimony, Florida Expert Ophthalmologist Witness Testimony | H13: =LEN(G13) -> 96 | I13: 0 | J13: Yes | K13: • Same body text as every other location page (only the location name changes) • "ophthalmologist" keyword not used in the body text • Only template H2 headings, nothing about the location • No location-specific facts (rules, courts, cases) • Images have no alt text • Share image (og:image) is the email icon • Meta description is a keyword list, not a sentence • In-text "Refractive surgery" link goes through a redirect | L13: Not started
A14: 10 | B14: Georgia | C14: US state / DC | D14: https://www.expertophthalmologywitness.com/georgia-expert-ophthalmology-witness/ | E14: Georgia Expert Ophthalmology Witness | F14: =LEN(E14) -> 36 | G14: Georgia Expert Ophthalmology Witness Testimony, Georgia Expert Ophthalmologist Witness Testimony | H14: =LEN(G14) -> 96 | I14: 0 | J14: Yes | K14: • Same body text as every other location page (only the location name changes) • "ophthalmologist" keyword not used in the body text • Only template H2 headings, nothing about the location • No location-specific facts (rules, courts, cases) • Images have no alt text • Share image (og:image) is the email icon • Meta description is a keyword list, not a sentence • In-text "Refractive surgery" link goes through a redirect | L14: Not started
A15: 11 | B15: Hawaii | C15: US state / DC | D15: https://www.expertophthalmologywitness.com/hawaii-expert-ophthalmology-witness/ | E15: Hawaii Expert Ophthalmology Witness | F15: =LEN(E15) -> 35 | G15: Hawaii Expert Ophthalmology Witness Testimony, Hawaii Expert Ophthalmologist Witness Testimony | H15: =LEN(G15) -> 94 | I15: 0 | J15: Yes | K15: • Same body text as every other location page (only the location name changes) • "ophthalmologist" keyword not used in the body text • Only template H2 headings, nothing about the location • No location-specific facts (rules, courts, cases) • Images have no alt text • Share image (og:image) is the email icon • Meta description is a keyword list, not a sentence • In-text "Refractive surgery" link goes through a redirect | L15: Not started
A16: 12 | B16: Idaho | C16: US state / DC | D16: https://www.expertophthalmologywitness.com/idaho-expert-ophthalmology-witness/ | E16: Idaho Expert Ophthalmology Witness | F16: =LEN(E16) -> 34 | G16: Idaho Expert Ophthalmology Witness Testimony, Idaho Expert Ophthalmologist Witness Testimony | H16: =LEN(G16) -> 92 | I16: 0 | J16: Yes | K16: • Same body text as every other location page (only the location name changes) • "ophthalmologist" keyword not used in the body text • Only template H2 headings, nothing about the location • No location-specific facts (rules, courts, cases) • Images have no alt text • Share image (og:image) is the email icon • Meta description is a keyword list, not a sentence • In-text "Refractive surgery" link goes through a redirect | L16: Not started
... A19: 15 | B19: Kansas | C19: US state / DC | D19: https://www.expertophthalmologywitness.com/kansas-expert-ophthalmology-witness/ | E19: Kansas Expert Ophthalmology Witness | F19: =LEN(E19) -> 35 | G19: Kansas Expert Ophthalmology Witness Testimony, Kansas Expert Ophthalmologist Witness Testimony | H19: =LEN(G19) -> 94 | I19: 0 | J19: Yes | K19: • Same body text as every other location page (only the location name changes) • "ophthalmologist" keyword not used in the body text • Only template H2 headings, nothing about the location • No location-specific facts (rules, courts, cases) • Images have no alt text • Share image (og:image) is the email icon • Meta description is a keyword list, not a sentence • In-text "Refractive surgery" link goes through a redirect | L19: Not started
A20: 16 | B20: Kentucky | C20: US state / DC | D20: https://www.expertophthalmologywitness.com/kentucky-expert-ophthalmology-witness/ | E20: Kentucky Expert Ophthalmology Witness | F20: =LEN(E20) -> 37 | G20: Kentucky Expert Ophthalmology Witness, Kentucky Expert Ophthalmologist Witness Testimony | H20: =LEN(G20) -> 88 | I20: 0 | J20: Yes | K20: • Same body text as every other location page (only the location name changes) • "ophthalmologist" keyword not used in the body text • Only template H2 headings, nothing about the location • No location-specific facts (rules, courts, cases) • Images have no alt text • Share image (og:image) is the email icon • Meta description is a keyword list, not a sentence • In-text "Refractive surgery" link goes through a redirect | L20: Draft ready, awaiting go-live | M20: https://kunaldabiseo.github.io/eow-website/kentucky/
A21: 17 | B21: Louisiana | C21: US state / DC | D21: https://www.expertophthalmologywitness.com/louisiana-expert-ophthalmology-witness/ | E21: Louisiana Expert Ophthalmology Witness | F21: =LEN(E21) -> 38 | G21: Louisiana Expert Ophthalmology Witness Testimony, Louisiana Expert Ophthalmologist Witness Testimony | H21: =LEN(G21) -> 100 | I21: 0 | J21: Yes | K21: • Same body text as every other location page (only the location name changes) • "ophthalmologist" keyword not used in the body text • Only template H2 headings, nothing about the location • No location-specific facts (rules, courts, cases) • Images have no alt text • Share image (og:image) is the email icon • Meta description is a keyword list, not a sentence • In-text "Refractive surgery" link goes through a redirect | L21: Not started
A22: 18 | B22: Massachusetts | C22: US state / DC | D22: https://www.expertophthalmologywitness.com/massachusetts-expert-ophthalmology-witness/ | E22: Massachusetts Expert Ophthalmology Witness | F22: =LEN(E22) -> 42 | G22: Massachusetts Expert Ophthalmology Witness Testimony, Massachusetts Expert Ophthalmologist Witness Testimony | H22: =LEN(G22) -> 108 | I22: 0 | J22: Yes | K22: • Same body text as every other location page (only the location name changes) • "ophthalmologist" keyword not used in the body text • Only template H2 headings, nothing about the location • No location-specific facts (rules, courts, cases) • Images have no alt text • Share image (og:image) is the email icon • Meta description is a keyword list, not a sentence • In-text "Refractive surgery" link goes through a redirect | L22: Not started
A23: 19 | B23: Michigan | C23: US state / DC | D23: https://www.expertophthalmologywitness.com/michigan-expert-ophthalmology-witness/ | E23: Michigan Expert Ophthalmology Witness | F23: =LEN(E23) -> 37 | G23: Michigan Expert Ophthalmology Witness Testimony, Michigan Expert Ophthalmologist Witness Testimony | H23: =LEN(G23) -> 98 | I23: 0 | J23: Yes | K23: • Same body text as every other location page (only the location name changes) • "ophthalmologist" keyword not used in the body text • Only template H2 headings, nothing about the location • No location-specific facts (rules, courts, cases) • Images have no alt text • Share image (og:image) is the email icon • Meta description is a keyword list, not a sentence • In-text "Refractive surgery" link goes through a redirect | L23: Not started
A24: 20 | B24: Minnesota | C24: US state / DC | D24: https://www.expertophthalmologywitness.com/minnesota-expert-ophthalmology-witness/ | E24: Minnesota Expert Ophthalmology Witness | F24: =LEN(E24) -> 38 | G24: Minnesota Expert Ophthalmology Witness Testimony, Minnesota Expert Ophthalmologist Witness Testimony | H24: =LEN(G24) -> 100 | I24: 0 | J24: Yes | K24: • Same body text as every other location page (only the location name changes) • "ophthalmologist" keyword not used in the body text • Only template H2 headings, nothing about the location • No location-specific facts (rules, courts, cases) • Images have no alt text • Share image (og:image) is the email icon • Meta description is a keyword list, not a sentence • In-text "Refractive surgery" link goes through a redirect | L24: Not started
A25: 21 | B25: Mississippi | C25: US state / DC | D25: https://www.expertophthalmologywitness.com/mississippi-expert-ophthalmology-witness/ | E25: Mississippi Expert Ophthalmology Witness | F25: =LEN(E25) -> 40 | G25: Mississippi Expert Ophthalmology Witness Testimony, Mississippi Expert Ophthalmologist Witness Testimony | H25: =LEN(G25) -> 104 | I25: 0 | J25: Yes | K25: • Same body text as every other location page (only the location name changes) • "ophthalmologist" keyword not used in the body text • Only template H2 headings, nothing about the location • No location-specific facts (rules, courts, cases) • Images have no alt text • Share image (og:image) is the email icon • Meta description is a keyword list, not a sentence • In-text "Refractive surgery" link goes through a redirect | L25: Not started
A26: 22 | B26: Missouri | C26: US state / DC | D26: https://www.expertophthalmologywitness.com/missouri-expert-ophthalmology-witness/ | E26: Missouri Expert Ophthalmology Witness | F26: =LEN(E26) -> 37 | G26: Missouri Expert Ophthalmology Witness Testimony, Missouri Expert Ophthalmologist Witness Testimony | H26: =LEN(G26) -> 98 | I26: 0 | J26: Yes | K26: • Same body text as every other location page (only the location name changes) • "ophthalmologist" keyword not used in the body text • Only template H2 headings, nothing about the location • No location-specific facts (rules, courts, cases) • Images have no alt text • Share image (og:image) is the email icon • Meta description is a keyword list, not a sentence • In-text "Refractive surgery" link goes through a redirect | L26: Not started
A27: 23 | B27: Montana | C27: US state / DC | D27: https://www.expertophthalmologywitness.com/montana-expert-ophthalmology-witness/ | E27: Montana Expert Ophthalmology Witness | F27: =LEN(E27) -> 36 | G27: Montana Expert Ophthalmology Witness Testimony, Montana Expert Ophthalmologist Witness Testimony | H27: =LEN(G27) -> 96 | I27: 0 | J27: Yes | K27: • Same body text as every other location page (only the location name changes) • "ophthalmologist" keyword not used in the body text • Only template H2 headings, nothing about the location • No location-specific facts (rules, courts, cases) • Images have no alt text • Share image (og:image) is the email icon • Meta description is a keyword list, not a sentence • In-text "Refractive surgery" link goes through a redirect | L27: Not started
A28: 24 | B28: Nevada | C28: US state / DC | D28: https://www.expertophthalmologywitness.com/nevada-expert-ophthalmology-witness/ | E28: Nevada Expert Ophthalmology Witness | F28: =LEN(E28) -> 35 | G28: Nevada Expert Ophthalmology Witness Testimony, Nevada Expert Ophthalmologist Witness Testimony | H28: =LEN(G28) -> 94 | I28: 0 | J28: Yes | K28: • Same body text as every other location page (only the location name changes) • "ophthalmologist" keyword not used in the body text • Only template H2 headings, nothing about the location • No location-specific facts (rules, courts, cases) • Images have no alt text • Share image (og:image) is the email icon • Meta description is a keyword list, not a sentence • In-text "Refractive surgery" link goes through a redirect | L28: Not started
A29: 25 | B29: New Jersey | C29: US state / DC | D29: https://www.expertophthalmologywitness.com/new-jersey-expert-ophthalmology-witness/ | E29: New Jersey Expert Ophthalmology Witness | F29: =LEN(E29) -> 39 | G29: New Jersey Expert Ophthalmology Witness Testimony, New Jersey Expert Ophthalmologist Witness Testimony | H29: =LEN(G29) -> 102 | I29: 0 | J29: Yes | K29: • Same body text as every other location page (only the location name changes) • "ophthalmologist" keyword not used in the body text • Only template H2 headings, nothing about the location • No location-specific facts (rules, courts, cases) • Images have no alt text • Share image (og:image) is the email icon • Meta description is a keyword list, not a sentence • In-text "Refractive surgery" link goes through a redirect | L29: Not started
A30: 26 | B30: New Mexico | C30: US state / DC | D30: https://www.expertophthalmologywitness.com/new-mexico-expert-ophthalmology-witness/ | E30: New Mexico Expert Ophthalmology Witness | F30: =LEN(E30) -> 39 | G30: New Mexico Expert Ophthalmology Witness Testimony, New Mexico Expert Ophthalmologist Witness Testimony | H30: =LEN(G30) -> 102 | I30: 0 | J30: Yes | K30: • Same body text as every other location page (only the location name changes) • "ophthalmologist" keyword not used in the body text • Only template H2 headings, nothing about the location • No location-specific facts (rules, courts, cases) • Images have no alt text • Share image (og:image) is the email icon • Meta description is a keyword list, not a sentence • In-text "Refractive surgery" link goes through a redirect | L30: Not started
A31: 27 | B31: New York | C31: US state / DC | D31: https://www.expertophthalmologywitness.com/new-york-expert-ophthalmology-witness/ | E31: New York Expert Ophthalmology Witness | F31: =LEN(E31) -> 37 | G31: New York Expert Ophthalmology Witness Testimony, New York Expert Ophthalmologist Witness Testimony | H31: =LEN(G31) -> 98 | I31: 0 | J31: Yes | K31: • Same body text as every other location page (only the location name changes) • "ophthalmologist" keyword not used in the body text • Only template H2 headings, nothing about the location • No location-specific facts (rules, courts, cases) • Images have no alt text • Share image (og:image) is the email icon • Meta description is a keyword list, not a sentence • In-text "Refractive surgery" link goes through a redirect | L31: Not started
A32: 28 | B32: North Carolina | C32: US state / DC | D32: https://www.expertophthalmologywitness.com/north-carolina-expert-ophthalmology-witness/ | E32: North Carolina Expert Ophthalmology Witness | F32: =LEN(E32) -> 43 | G32: North Carolina Expert Ophthalmology Witness Testimony, North Carolina Expert Ophthalmologist Witness Testimony | H32: =LEN(G32) -> 110 | I32: 0 | J32: Yes | K32: • Same body text as every other location page (only the location name changes) • "ophthalmologist" keyword not used in the body text • Only template H2 headings, nothing about the location • No location-specific facts (rules, courts, cases) • Images have no alt text • Share image (og:image) is the email icon • Meta description is a keyword list, not a sentence • In-text "Refractive surgery" link goes through a redirect | L32: Not started
... A49: 45 | B49: Wyoming | C49: US state / DC | D49: https://www.expertophthalmologywitness.com/wyoming-expert-ophthalmology-witness-dr-todd-lefkowitz/ | E49: Wyoming Expert Ophthalmology Witness | F49: =LEN(E49) -> 36 | G49: Wyoming Expert Ophthalmology Witness Testimony, Wyoming Expert Ophthalmologist Witness Testimony | H49: =LEN(G49) -> 96 | I49: 0 | J49: Yes | K49: • Same body text as every other location page (only the location name changes) • "ophthalmologist" keyword not used in the body text • Only template H2 headings, nothing about the location • No location-specific facts (rules, courts, cases) • Images have no alt text • Share image (og:image) is the email icon • Meta description is a keyword list, not a sentence • URL pattern differs from the other location pages • In-text "Refractive surgery" link goes through a redirect | L49: Not started
B51: Title length and meta length are formulas (=LEN). Audit taken from the live site on 23 Oct 2026.

Sheet Kentucky Changes
A1: Kentucky Sample Page: Before and After
A2: Design stays the same. Review all changes side by side at https://kunaldabiseo.github.io/eow-website/kentucky/
A4: Item | B4: Before (live page) | C4: After (updated page) | D4: Why
A5: Search title | B5: Kentucky Expert Ophthalmology Witness | C5: Kentucky Expert Ophthalmology Witness | Dr. Todd Lefkowitz MD | D5: Adds Dr. Lefkowitz's name so the result reads as a real practice.
A6: Meta description | B6: Kentucky Expert Ophthalmology Witness, Kentucky Expert Ophthalmologist Witness Testimony | C6: Expert ophthalmologist witness for Kentucky cases. Board-certified Dr. Todd Lefkowitz reviews eye surgery claims, mainly for plaintiff and sometimes defense. | D6: A full sentence instead of a keyword list, with the "ophthalmologist" keyword.
A7: Main heading (H1) | B7: Kentucky Expert Ophthalmology Witness – Dr. Todd Lefkowitz | C7: No change | D7: Already correct.
A8: Body content | B8: 236 words, same text as every other location page | C8: About 840 words written for Kentucky | D8: Unique content gives the page its own reason to rank for Kentucky.
A9: "ophthalmologist" keyword | B9: Not used in the body | C9: Used in the opening, a section heading and the meta description | D9: Covers both search terms.
A10: Section headings (H2) | B10: Only the shared site headings | C10: 8 Kentucky sections: services, Kentucky rules, case types, credentials, how to start, FAQs, nearby states | D10: Clear structure for readers and search engines.
A11: Kentucky rules | B11: Not mentioned | C11: Certificate of merit (KRS 411.167) and one-year filing limit (KRS 413.140), each linked to the official statute | D11: Shows the page is written for Kentucky cases.
A12: Credentials | B12: One general sentence | C12: Board certification, Arizona Medical Board roles, MAXIMUS, teaching post, Air Force service, liability record, each linked to the About page | D12: All taken from the existing About page.
A13: FAQs | B13: None | C13: 4 questions in a one-at-a-time accordion | D13: Answers common attorney questions.
A14: How to start | B14: One sentence | C14: 3 steps: email or contact form, talk through the case, send the records | D14: Clear next step for an attorney.
A15: Internal links | B15: Refractive link went through a redirect; keyword link went to the homepage | C15: Refractive link fixed; links to the main expert witness page, retinal detachment page and 7 neighbouring states | D15: Helps visitors and search engines move between related pages.
... A19: Sidebar (desktop) | B19: Scrolls away | C19: Stays in view while the content scrolls | D19: Photo and expertise links stay visible.
A20: Spelling | B20: "Affadavits", "court room" | C20: Corrected

Sheet Feedback Tracker
A1: Review Feedback Tracker
A2: Status values: Done / Open
A4: # | B4: Date | C4: Feedback | D4: What was done | E4: Status
A5: 1 | B5: 24 Oct 2026 | C5: Any stat like this needs to be linked to the source | D5: Every statute, date and figure on the page now links to its source (official Kentucky statutes, About page, main expert witness page). | E5: Done
A6: 2 | B6: 28 Oct 2026 | C6: Edit: "Affidavits in support of your case" → "...if merited" | D6: Applied. | E6: Done
A7: 3 | B7: 28 Oct 2026 | C7: Edit: "He understands that some cases are time sensitive..." → "Dr. Lefkowitz understands... Once the case is received..." | D7: Applied. | E7: Done
A8: 4 | B8: 28 Oct 2026 | C8: Edit: "ophthalmology review early" → "expert ophthalmology witness review early" | D8: Applied. | E8: Done
A9: 5 | B9: 28 Oct 2026 | C9: Edit: step 3 → "Send Dr. Lefkowitz the medical records. He will review them and provide an expert ophthalmology witness report with his opinion." | D9: Applied, in the page and in the structured data. | E9: Done
A10: 6 | B10: 28 Oct 2026 | C10: Edit: FAQ answer → "mainly plaintiff and sometimes defense counsel" | D10: Applied. The same wording is now used in the opening paragraph, meta description and structured data. | E10: Done
A11: 7 | B11: 28 Oct 2026 | C11: Double / triple check all stats and details | D11: Every fact and figure checked against the About page, the main expert witness page and the official statute text (see Fact Check). Three case-type details not supported by the site were removed. | E11: Done
A12: 8 | B12: 28 Oct 2026 | C12: Complete the Kentucky page and send the final live URL | D12: Waiting on the case count answer (see Open Questions) before publishing. | E12: Open
A13: 9 | B13: 28 Oct 2026 | C13: Apply the notes to all other state pages and send Dev/Demo URLs | D13: Next step after the Kentucky page. | E13: Open

Sheet Fact Check
A1: Fact Check: Kentucky Page
A2: Every fact and figure on the updated page and the source it was checked against
A4: Fact on the page | B4: Section | C4: Checked against | D4: Source link | E4: Result
A5: Diplomate, American Board of Ophthalmology since 1982 | B5: Credentials | C5: About page: "Diplomate, American Board of Ophthalmology Dec. 1982" | D5: https://www.expertophthalmologywitness.com/about-me/ | E5: Confirmed
A6: Over 40 years of practice as a surgeon and clinician | B6: Credentials | C6: About page: "over 40 years of practical experience; he is a surgeon and clinician" | D6: https://www.expertophthalmologywitness.com/about-me/ | E6: Confirmed
A7: Expert reviewer for the Arizona Medical Board 2000 to 2007 | B7: Credentials | C7: About page: "Outside Ophthalmology Consultant, Arizona Medical Board, 2000-2007" | D7: https://www.expertophthalmologywitness.com/about-me/ | E7: Confirmed
A8: Physician Member of the Arizona Medical Board 2007 to 2010 | B8: Credentials | C8: About page: "Physician Member, Arizona Medical Board, 2007-2010" | D8: https://www.expertophthalmologywitness.com/about-me/ | E8: Confirmed
A9: Ophthalmology case reviewer for MAXIMUS 2010 to 2015 | B9: Credentials | C9: About page: "Ophthalmology Case Reviewer for MAXIMUS, 2010-2015" | D9: https://www.expertophthalmologywitness.com/about-me/ | E9: Confirmed
A10: Clinical Assistant Professor, University of Arizona College of Medicine Phoenix | B10: Credentials | C10: About page | D10: https://www.expertophthalmologywitness.com/about-me/ | E10: Confirmed
A11: Former Chief of Ophthalmology at Luke AFB and Scott AFB, US Air Force Medical Corps | B11: Credentials | C11: About page: Military experience | D11: https://www.expertophthalmologywitness.com/about-me/ | E11: Confirmed
A12: No history of malpractice settlements or verdicts, no medical board actions | B12: Credentials | C12: About page: Medical Liability | D12: https://www.expertophthalmologywitness.com/about-me/ | E12: Confirmed
A13: 400+ cases completed | B13: Credentials | C13: Main expert witness page says 400+; the current state pages say 100+ | D13: https://www.expertophthalmologywitness.com/ophthalmologist-expert-witness/ | E13: Needs client confirmation
A14: Dr. Lefkowitz has reviewed cases from Kentucky | B14: Opening | C14: Main expert witness page: list of states where he has reviewed cases | D14: https://www.expertophthalmologywitness.com/ophthalmologist-expert-witness/ | E14: Confirmed
A15: Certificate of merit filed with the complaint; at least one qualified expert; reasonable basis | B15: Kentucky rules, FAQ | C15: KRS 411.167(1)-(2) | D15: https://apps.legislature.ky.gov/law/statutes/statute.aspx?id=49312 | E15: Confirmed
... A21: Case types: cataract, eyelid/oculoplastic, LASIK/refractive, glaucoma, retinal detachment, strabismus, pterygium, emergency care | B21: Case types | C21: About page practice specialties and the site's service pages | D21: https://www.expertophthalmologywitness.com/about-me/ | E21: Confirmed
A22: Neighbouring states: Ohio, Indiana, Illinois, Missouri, Tennessee, Virginia, West Virginia | B22: Nearby states | C22: All seven border Kentucky and have a page on the site | E22: Confirmed
A24: Removed during the check because the site does not state them: "lens and wound problems" (cataract), "diagnosis and management" (glaucoma), "delayed diagnosis" (retinal detachment).

Sheet Open Questions
A1: Open Questions
A2: Points that need a decision before or during the rollout
A4: # | B4: Topic | C4: Question | D4: Your answer
A5: 1 | B5: Case count | C5: The main expert witness page says 400+ cases; the current state pages say 100+. Which number is correct?
A6: 2 | B6: Image alt text | C6: The doctor photo and email icon have no alt text. They are shared images, so adding it updates every page that uses them. Should it be added?
A7: 3 | B7: Site publisher name | C7: The SEO plugin lists the website as published by a user called "admin" with a blank image, on every page. Should it show Dr. Lefkowitz instead?
A8: 4 | B8: Rhode Island URL | C8: The Rhode Island page address is spelled "rhose-island". Should it be corrected (with a redirect from the old address)?
A9: 5 | B9: Missing states | C9: 11 US states have no page yet (see Missing States). Should pages be created for them?
B11: Yellow cells are for your answers.

Sheet Missing States
A1: US States With No Page
A2: From the site's page sitemap
A4: State | B4: Listed on the main page as a state where cases were reviewed
A5: Arkansas | B5: Yes
A6: Delaware | B6: No
A7: Iowa | B7: No
A8: Maine | B8: No
A9: Maryland | B9: Yes
A10: Nebraska | B10: No
A11: New Hampshire | B11: No
A12: North Dakota | B12: No
A13: South Carolina | B13: No
A14: Vermont | B14: No
A15: Wisconsin | B15: Yes
